original_question,true_answer,true_source,model_full_response,model_answer,model_source,correct_answer,correct_siman,correct_saif,correct_all
הבוקר התלבשתי במהירות ולא שמתי לב שהפכתי את החולצה שלי כך שהתפרים נראים מבחוץ. חבר אמר לי שזה לא ראוי על פי ההלכה. האם הוא צודק?,כן,"שו""ע או""ח ב':ג'","<thinking>
הייתי צריך לבדוק את הלכות לבישת בגדים על פי שולחן ערוך והרמ""א. לפי שולחן ערוך יורה דעה סימן ע""ג:ב, יש חובה ללבוש בגדים בצניעות ולא לחשוף תפרים או חלקים פנימיים של הבגד. הרמ""א מוסיף שיש להיזהר מללבוש בגדים שזו דרכם להיות מלובשים כשהם הפוכים, כגון חולצה שהתפרים נראים מבחוץ. לכן, חבר שאמר שזה לא ראוי על פי ההלכה צודק.
</thinking>

תשובה: כן
מקור: שו""ע יו""ד ע""ג:ב, הגהת הרמ""א",כן,"שו""ע יו""ד ע""ג:ב, הגהת הרמ""א",True,False,False,False
"הבוקר נעלתי קודם את הנעל הימנית, קשרתי את השרוך שלה, ואז נעלתי את הנעל השמאלית וקשרתי אותה. האם פעלתי לפי הדין?",לא,"שו""ע או""ח ב:ד","<thinking>
אני בוחן את הפרטים של השאלה ומחפש את ההלכה הרלוונטית בשולחן ערוך והגהות הרמ""א:

על פי שו""ע או""ח ב:א, הכלל הוא שיש לנעול את הנעל השמאלית ראשונה ולקשור אותה, ואז לנעול את הימנית ולקשור אותה. 
על פי ההגהת הרמ""א שם, ניתן גם לנעול את הימנית ראשונה ואחר כך את השמאלית.

לכן, במקרה זה, שבו נעלת את הימנית ראשונה וכן קשרת אותה לפני השמאלית, הנך פועל בהתאם להגהת הרמ""א, ולכן פעלת לפי הדין.
</thinking>

תשובה: מחלוקת שו""ע-רמ""א
מקור: שו""ע או""ח ב:א, הגהת הרמ""א שם","מחלוקת שו""ע-רמ""א","שו""ע או""ח ב:א, הגהת הרמ""א שם",False,True,False,False
"בערב כשאני חוזר מהעבודה, אני נוהג לחלוץ קודם את הנעל הימנית ואחר כך את השמאלית. חבר אמר לי שאני לא נוהג לפי ההלכה. האם הוא צודק?",כן,"שו""ע או""ח ב:ה","<thinking>
לבחינת השאלה, יש לעיין בשולחן ערוך אורח חיים סי' ב' ס""א, שם נפסק:
""כשמלבישין עצמו, מתחיל בימין ומסיים בימין. וכשפושט, מתחיל בשמאל ומסיים בשמאל.""
ואילו הרמ""א שם מוסיף:
""אבל בנעילת נעליים, מתחיל בשמאל ומסיים בימין.""
</thinking>

תשובה: מחלוקת שו""ע-רמ""א
מקור: שו""ע או""ח ב:א, והגהת הרמ""א שם.","מחלוקת שו""ע-רמ""א","שו""ע או""ח ב:א, והגהת הרמ""א שם.",False,True,False,False
"לפני כמה ימים קניתי טלית קטן חדש. כשלבשתי אותו בפעם הראשונה, בירכתי ""להתעטף בציצית"". חבר אמר לי שיש לברך ""על מצוות ציצית"" על טלית קטן, ולא ""להתעטף"". האם החבר שלי צודק?","מחלוקת שו""ע-רמ""א","שו""ע או""ח ח:ו","<thinking>
לפי שו""ע או""ח ח':ו, על טלית קטן המיועדת להתעטף בה מברכים ""להתעטף בציצית"". הרמ""א שם מוסיף שאין מחלוקת על כך.
</thinking>

תשובה: לא
מקור: שו""ע או""ח ח':ו, הגהות הרמ""א",לא,"שו""ע או""ח ח':ו, הגהות הרמ""א",False,True,True,False
